Year,Month,UV_Index,RegionId
2016,3,3.257575758,0
2016,4,3.590909091,0
2016,3,3.927272727,0
2016,4,2.756410256,0
2016,5,2.865131579,0
2016,6,2.386861314,0
2016,7,2.545454545,0
2016,6,2.854545455,0
2016,7,2.638157895,0
2016,8,3.090909091,0
2016,7,2.909090909,0
2016,8,2.863117871,0
