Year,Month,UV_Index,RegionId
2016,3,3.257575758,100
2016,4,3.590909091,100
2016,3,3.927272727,100
2016,4,2.756410256,100
2016,5,2.865131579,100
2016,6,2.386861314,100
2016,7,2.545454545,100
2016,6,2.854545455,100
2016,7,2.638157895,100
2016,8,3.090909091,100
2016,7,2.909090909,100
2016,8,2.863117871,100
